{
  "validation_date": "1775645798.5149965",
  "gold_set_size": 30,
  "zero_shot": {
    "classifier": "Zero-Shot",
    "accuracy": 0.4,
    "cohen_kappa": 0.09999999999999987,
    "per_class_metrics": {
      "safe": {
        "precision": 1.0,
        "recall": 0.2,
        "f1": 0.3333333333333333,
        "support": 10
      },
      "unsafe": {
        "precision": 0.0,
        "recall": 0.0,
        "f1": 0.0,
        "support": 10
      },
      "partial": {
        "precision": 0.37037037037037035,
        "recall": 1.0,
        "f1": 0.5405405405405406,
        "support": 10
      }
    },
    "confusion_matrix": [
      [
        2,
        1,
        7
      ],
      [
        0,
        0,
        10
      ],
      [
        0,
        0,
        10
      ]
    ],
    "total_samples": 30
  },
  "baseline": {
    "classifier": "Baseline",
    "accuracy": 0.43333333333333335,
    "cohen_kappa": 0.15000000000000002,
    "per_class_metrics": {
      "safe": {
        "precision": 0.5,
        "recall": 0.1,
        "f1": 0.16666666666666666,
        "support": 10
      },
      "unsafe": {
        "precision": 0.5,
        "recall": 0.3,
        "f1": 0.375,
        "support": 10
      },
      "partial": {
        "precision": 0.4090909090909091,
        "recall": 0.9,
        "f1": 0.5625,
        "support": 10
      }
    },
    "confusion_matrix": [
      [
        1,
        3,
        6
      ],
      [
        0,
        3,
        7
      ],
      [
        1,
        0,
        9
      ]
    ],
    "total_samples": 30
  },
  "agreement_metrics": {
    "zeroshot_vs_human": 0.09999999999999987,
    "baseline_vs_human": 0.15000000000000002,
    "zeroshot_vs_baseline": 0.29054054054054057
  },
  "class_labels": [
    "safe",
    "unsafe",
    "partial"
  ],
  "gold_set_file": "/Users/geethika/Downloads/RL-dataset/data/gold_set.json"
}